Diane,48
Richard,52
Jennifer,52
David,16
John,78
Felix,98
John,12
Maria,56
Nelle,98
William,48
Helen,52
Scot,36
Rhonda,18
Velma,4
Laura,10
Jorge,72
Harold,80
Patricia,72
Shelley,14
Timothy,38
Carol,4
Hugh,34
Jennifer,4
Timothy,30
Mary,20
Peter,62
Pauline,26
Charlotte,92
Daniel,36
Mary,44
Douglas,30
Sylvester,72
Jessica,2
Thomas,14
Ronnie,10
Mark,72
Amy,86
Kelly,32
Lisa,100
Tom,22
Joshua,46
Walter,64
Patricia,70
Melanie,40
Guy,60
Maria,54
Kelly,88
Chi,62
Leah,92
Michael,98
Amy,88
Howard,80
Holly,70
Anne,94
Jordan,2
Ollie,90
Dayna,20
George,0
Raphael,84
Stephanie,44
Kristen,74
Eileen,96
Danny,34
Leslie,86
Johnny,72
Clara,36
Marcia,14
Willie,6
Henry,82
Alexander,70
Mandie,84
Deborah,56
Jeffrey,54
Valerie,30
Charles,4
Rosa,78
Joe,80
Conrad,54
Esther,86
Richard,18
Gilbert,18
Donnie,32
Alejandro,60
Scott,72
Elijah,10
Jason,20
Frances,84
Eddie,28
Sara,30
Carmen,90
Kevin,100
Rod,62
Michelle,24
Donald,60
Michael,54
John,60
Sean,84
Jason,36
George,4
Rebecca,22
Lauren,38
Charles,0
Genevieve,74
Tami,52
David,22
Patricia,4
Mario,36
Alma,44
Rachael,66
Billy,80
Clara,24
Jeremy,12
Cheryl,56
James,24
Willie,76
Susan,38
Millie,28
Jeff,6
Debbie,58
Thomas,66
Richard,6
Frank,48
Cameron,64
Gladys,6
Devin,36
Lorraine,90
Michael,78
Michelle,62
Gary,14
John,32
Coy,24
Mona,94
Daniel,44
Bernard,56
Jesse,92
Robert,68
Patricia,4
Catrina,50
Carol,4
Cecila,22
James,22
Terry,26
Johnnie,60
Helena,58
Mary,0
Samantha,66
Jessica,70
Elsie,64
Gerald,54
Shenika,16
Carol,34
David,4
Luisa,36
Erik,52
Mary,58
Joanna,86
Jeremy,88
Steven,16
Jody,30
Martin,50
Rebecca,12
Mabel,82
Richard,6
Carol,48
Sandra,100
James,54
David,6
Charles,84
David,50
Iris,22
Denise,70
Donna,34
Kathryn,2
David,32
Marion,98
Harold,68
Jessica,6
Willie,2
Sara,26
Dorothy,8
Ernestine,54
Dominic,72
Louis,84
Eugene,78
Ashley,88
Elizabeth,48
Kathern,30
Lynn,68
Ruth,8
Ronnie,80
Megan,8
Virginia,34
William,74
Sandra,24
Paul,52
Jeanette,48
James,70
Melody,30
Shelby,34
Katrina,68
Mathew,90
Robert,4
Mae,48
Mary,82
Mark,2
William,12
Eldon,56
Luis,58
John,20
Trinidad,6
Heidi,26
Matthew,18
Roderick,100
Lois,28
Debra,2
George,92
Ashley,52
Michael,36
Brandon,8
Edward,84
Gloria,26
Felix,78
Frank,24
Paul,24
Jimmy,64
Alfred,28
Daniel,96
Mario,40
Israel,30
Tom,20
Kathy,78
Jeremy,10
Robin,36
Barbara,48
Velma,2
Eunice,48
Ross,36
Nannie,84
Mary,84
Gerald,74
Marilyn,84
Thomas,32
Sara,10
Harry,32
George,20
Anthony,84
Carrie,52
Richard,24
Adam,74
Donald,20
Stephen,66
Thomas,14
Cheryl,4
Ashley,94
Jennifer,30
William,28
Joanna,64
Thomas,96
Melvin,92
Mark,86
Ernest,78
Una,6
Zachary,42
Stacey,82
Charles,12
Albert,36
Michael,72
Barry,62
Elizabeth,44
Alla,66
Irene,56
Kevin,26
Debby,72
Kelly,58
Michael,84
James,80
Tamara,84
Barry,90
Antoinette,24
Mary,76
Leana,50
Diana,34
Paul,86
Linda,86
Marissa,76
Noemi,82
Steve,66
Ruben,16
Claude,24
Ashley,100
Kenneth,24
Alice,82
Elmer,72
Daniel,30
Vincent,96
Courtney,12
Ruby,56
Ruth,100
Keith,86
Sandra,34
Donny,92
Shawn,78
James,32
Judith,16
Wanda,96
Margarita,92
Kathryn,16
Brian,6
Mary,88
Robin,20
Tamara,92
Janice,54
Vincent,6
Eugene,42
Jack,92
Sharon,4
Sherry,76
Geraldine,54
Vicki,18
James,92
Michael,76
Carmen,66
William,66
Wendy,60
Monica,0
William,28
Earl,76
Wiley,100
Carlos,50
Georgia,60
Keely,54
Francis,36
William,14
Kevin,70
Timmy,76
Elizabeth,54
Sandra,70
Dale,94
Micheal,42
Ruth,30
Ryan,74
Erika,20
Jerome,60
David,22
Edward,80
Yvonne,70
Donna,38
Susan,16
Elba,90
Laurel,100
Daniel,28
Leon,76
Robert,70
Shanda,16
Bobby,94
Connie,60
Bethanie,24
Sandra,38
Mary,26
James,100
Rosemary,64
Donna,8
Mark,18
Annette,14
Sara,50
Bernard,34
Catherine,32
Mary,4
Dana,26
Vivian,78
Stella,88
Benjamin,18
Gloria,26
Riley,84
Jeffry,14
Daniela,2
Richard,64
Mike,80
Timothy,2
Susan,76
Hilda,62
Melvin,0
Clarisa,18
Barbara,0
Bonnie,62
Patricia,50
Hector,20
Everett,80
Wesley,58
Woodrow,22
Miriam,56
Allen,58
Charles,68
Cythia,48
Brandy,8
Gertrude,32
Mary,38
Donna,42
Marlene,80
Frank,48
Gordon,80
Barton,14
Catherine,78
Marc,98
Candy,10
Helena,12
Jeffrey,64
Michael,14
Shanda,66
Jody,26
Irene,46
Barbra,74
Wayne,78
Anthony,100
Lyda,28
Sara,4
Stephen,94
Eugene,8
Kathryn,86
Arthur,76
Jennifer,70
Milton,48
John,68
Donald,90
Rudy,98
Jeanna,14
Debra,84
Billy,100
Terry,32
Maria,68
Anthony,6
Everett,64
Twana,52
Gerardo,38
Charles,100
James,94
Antoinette,70
Sharon,8
Esther,22
Vera,84
Deidra,80
Maria,70
Temika,34
Zachary,94
Robert,100
William,94
Ruben,72
Justin,90
Sherrie,38
Lizette,66
Thomas,40
Donald,10
Earl,64
Mark,24
Heather,56
Jim,84
Gertrude,98
Eve,48
Melissa,92
Fernando,10
John,76
Patricia,14
Lauren,60
Mario,18
Cathy,0
Alyssa,2
Rosie,100
Robert,68
Wayne,22
Lena,66
Sarah,70
Leroy,4
Richard,4
Gary,66
Regina,32
Chris,68
Richard,32
Madeline,10
Clarissa,92
Yolanda,54
Etta,96
Timothy,84
Cornell,56
Annie,100
Mark,52
Traci,88
Leslie,42
Terry,100
Maxine,92
Anneliese,0
Mark,56
Mark,70
Catherine,2
Sally,98
Teressa,64
John,16
Jessica,28
Lawrence,96
Christine,62
Michael,68
Blaine,50
Jasmine,70
Jacqueline,20
Anthony,96
Glen,24
Carrie,60
Frances,46
Joseph,38
Claire,20
Patricia,70
Richard,6
Mary,8
Robert,22
Cleveland,92
Richard,14
Armando,50
Luis,92
Tanya,4
Andrew,24
Deborah,72
Laura,8
Dorothy,16
Laura,40
Kathy,76
Adriana,16
Faith,92
Katherine,48
Michael,38
Laurie,24
Amberly,90
Martin,54
Kevin,6
Henrietta,20
Carmelo,64
Philip,6
Ashley,50
Lillian,82
James,32
Joshua,46
James,12
James,46
Derrick,80
Mildred,90
Harry,92
Michelle,92
Erin,96
Scott,70
Francis,22
Mildred,2
Trina,50
Johnny,52
Tyler,12
Tammy,50
Alice,80
Lisa,54
Harold,6
Jeffrey,70
Lydia,80
Jasmine,36
Mary,18
Richard,26
Warren,58
Ruth,88
William,16
Lillian,40
Edward,88
Lori,78
Ethel,74
Sherry,66
Dorothy,92
Rex,4
Andres,40
Edna,40
Tim,80
Jonathan,4
Frank,70
Constance,8
Jody,12
Grace,56
Bernice,42
Jennifer,76
Cameron,44
Forrest,30
Paul,30
Tonia,64
Michael,28
Carol,88
Stephen,96
Quinton,68
Antonio,22
Alice,34
Karan,38
Lee,58
Anthony,90
Robert,8
Jerry,24
Rita,96
Bertha,0
Ruby,6
James,34
Noel,90
Milford,40
Kenneth,54
Tim,56
Jesse,56
Theresa,98
Martha,86
Ralph,70
Tamara,58
Nina,22
Betsy,34
Kenneth,18
Charles,42
Roscoe,2
Cindy,82
Julie,82
Elizabeth,34
Marguerite,70
Blanche,14
Bradley,18
Michael,88
James,72
Mindy,100
Marianela,80
Robert,80
Edmund,28
Leon,18
Cathy,66
Eddie,46
Johnnie,20
Bonnie,74
Stephen,80
Richard,56
Karen,94
Lee,18
Carole,0
Pam,76
Natalie,96
Joel,54
Mary,82
Willa,20
James,22
Filomena,70
Titus,54
Gary,40
Daisy,84
Lura,78
Ramona,38
Ida,56
Rosario,26
Virginia,82
Michael,20
Charles,68
Ryan,20
Mark,74
Andrea,40
Charles,64
Robert,4
Alfred,68
Michael,36
Audrey,48
Diane,18
Richard,64
Daniel,74
Linda,2
Martha,22
Albert,24
Philip,32
Terri,4
Sara,8
Robert,4
Blanca,10
Julie,86
Joseph,26
Daniel,36
Joshua,40
Jody,58
Nina,16
Viola,28
Michael,18
Eileen,12
Patsy,28
Christopher,8
Dennis,42
Charlene,88
Lillian,74
Carrie,86
Gwen,58
Nancy,66
Clint,18
Elizabeth,88
Mark,0
Darlene,68
Billie,8
William,34
Milagros,90
John,92
Johnny,50
Edmund,82
Rodney,84
Kelly,50
Gary,6
Viola,32
Anthony,66
Albert,58
Emmanuel,62
Andrew,0
Robert,24
Timothy,0
Mary,4
Charlie,40
Sandra,44
Michael,90
Sarah,66
Kimberly,42
Sandra,90
Joni,22
Michael,8
Kenneth,86
Marvin,36
Susan,16
Dan,94
Lawrence,56
Gwendolyn,74
Mary,48
Thomas,52
David,52
Thomas,18
Robert,94
Linda,90
Elizabeth,20
Nina,0
Angela,50
Jordan,20
Shawn,20
Louis,6
Marilee,26
Charles,60
Delores,78
Maria,6
Michael,82
Timothy,72
Naomi,8
Donald,0
Abbie,90
Martha,24
Salvador,68
Wayne,44
Valerie,86
Gloria,24
Stanley,26
William,20
Clarence,2
Rosa,2
Kenneth,52
Kathleen,96
Joseph,92
Robert,64
Forrest,78
Brad,20
Thomas,56
Stacey,98
Evalyn,54
Tammy,70
Raymond,70
Robert,10
Anthony,48
Curtis,70
Raymond,82
Lula,74
Carol,60
Marie,26
Anthony,14
Laura,32
Phillip,22
Phyllis,30
Devin,20
Alvin,82
Danny,80
James,12
Joseph,54
Todd,66
Anthony,58
Yolanda,96
Alexander,78
Steven,82
Nicholas,86
Helen,6
Nicholas,70
Daisy,42
April,72
Diane,18
Francisco,34
Ryan,68
Maria,98
Stella,20
Lena,38
Ronald,60
Ruth,28
Elias,58
David,2
Richard,54
Shannon,74
Donald,14
Roberta,20
Cheryl,54
Jack,100
Frank,14
Lisa,70
Susan,2
Madge,98
David,50
Jacqueline,72
Lisa,2
Sara,10
Barbara,96
Deborah,24
Maggie,90
Willie,80
Edith,12
Ruben,28
Lois,64
Lori,32
Vivian,88
Karen,8
Edward,36
Frank,40
Anna,90
Kathleen,88
Gregory,98
Mary,36
Patricia,92
Nathaniel,94
Elizabeth,84
Marjorie,24
Leslie,4
Zachary,86
Ericka,12
Madalyn,4
Otis,52
Marlene,76
Jessie,6
Hilda,66
Laura,8
Antonio,52
Roy,10
Naomi,56
Marvin,8
Eddie,88
John,36
Donna,4
Amanda,74
Robert,88
Royce,28
Willie,88
Steven,88
Kimberly,46
Phyllis,66
Steve,44
Steven,84
Irene,32
Winifred,72
John,46
Ronald,30
Brenda,22
Amanda,84
Rosetta,62
Charles,72
William,44
Nicole,92
Lillian,66
Lindsay,80
Paul,94
Amanda,4
Helen,32
Mary,36
Eugene,66
Fred,26
Lula,28
Sarah,100
Kevin,20
John,88
Michael,98
Guillermo,36
James,66
Shaun,78
Shane,62
Freddy,96
Eugenio,98
Elizabeth,60
Tom,32
Mary,78
Tina,10
James,6
Anthony,82
Dennis,60
Kenneth,32
Tracy,72
David,78
Kevin,34
Karen,10
Jami,72
Valerie,20
Rebecca,82
Jamie,42
Kathryn,18
Clara,12
William,100
Ronald,86
James,86
Aurora,82
Scotty,4
Roxanne,82
Sharon,84
April,72
Concetta,58
Carol,48
Morris,26
Susan,80
Anita,42
Morris,100
Adam,96
Kristi,82
Laurie,42
Gladys,76
Alan,52
Connie,6
Charles,32
Jane,24
Cesar,20
Gloria,0
Edward,34
Charles,24
Bettye,78
Vincent,84
Richard,62
Thomas,64
Josephine,30
Winifred,70
Judith,94
Mary,56
Kenneth,14
Irene,84
Quinn,16
Lisa,54
Albert,6
Elizabeth,56
Sharon,8
Thomas,56
Guadalupe,74
Pamela,12
Winston,52
Dennis,58
Robert,90
Ruth,30
Deborah,78
Richard,98
Dennise,0
Tommy,88
Mary,14
Virginia,22
Sabrina,12
Alicia,6
Michael,90
Faustina,78
Natalie,6
David,48
Ryan,52
Janet,90
Peter,86
Keith,92
Susan,22
John,82
Ashley,70
Mark,38
Lucille,54
Milagros,14
Judith,36
Lorraine,64
Tara,96
Irene,96
Harrison,96
Wayne,88
Susie,36
Deeanna,24
Sofia,62
David,12
Rickey,80
Delores,26
Emilia,46
Warren,78
Myrtice,42
Marilyn,68
Whitney,28
Charlotte,78
George,2
Barbara,92
Terry,4
Christina,76
Anthony,96
Mary,60
William,90
Ann,58
Miguel,0
Eric,28
Mary,30
Kenneth,98
Mathew,20
Michelle,52
David,90
Brittany,64
Hector,38
Dolores,50
Mary,36
John,88
Ronald,86
Aisha,16
David,96
Andre,68
Andrew,40
Marie,22
Vincent,38
Dorothy,64
Terrance,96
Edward,14
Charles,84
Anthony,8
Gail,24
Patrick,62
John,6
Donald,84
Alphonso,72
Linda,70
Robert,64
Sharon,8
Joaquina,90
Cynthia,32
Lillian,58
Jack,100
Charles,14
Joan,44
Ana,46
Richard,96
Jermaine,14
Eloy,10
Matthew,88
Patricia,92
Ruby,56
Carmen,90
Victor,34
Chris,6
Paul,62
Sabrina,14
Chad,2
Frank,8
Miquel,92
Leroy,96
Margaret,92
Michelle,52
Connie,14
Jerald,72
Robert,94
Margaret,70
Cornelia,32
Larry,24
Michael,94
Brandon,56
Terry,20
Carolyn,88
Mary,62
Clayton,20
Tasha,56
Lori,100
Brian,2
Donald,22
Hugh,68
Fred,40
Patricia,50
Molly,0
Douglas,76
Bryan,20
Robert,50
Scott,36
Robert,80
Anne,56
Doris,8
Lorna,94
John,12
Amelia,34
Paul,60
Steven,72
Laverne,54
Estelle,24
Larry,54
Ronni,48
Matthew,82
Megan,58
John,42
Richard,76
Mary,68
Karen,76
Vaughn,18
William,96
Camille,48
Robert,58
Mary,38
Stephen,42
Billy,76
Cathy,40
Eric,92
Betty,14
Penelope,88
Janelle,44
David,80
Aimee,64
Jackie,96
Ray,30
William,46
Joseph,94
Joyce,20
Corey,48
Seth,40
Melissa,92
Melissa,80
Danny,54
Joan,66
Stephen,46
Lisa,62
Lauren,72
Peggy,12
Douglas,32
Brian,24
Lea,80
Allison,46
Harold,14
Gregory,54
Charles,48
Donald,34
Deborah,8
Jerry,44
Tiara,8
Estella,74
Lottie,94
Thelma,32
Michael,98
Charles,76
Eric,84
Andrea,12
Linda,42
Clara,10
William,2
Elisabeth,60
Anne,8
Lisa,30
William,8
Jennie,30
Earnest,30
Patricia,78
Luke,28
Esther,76
Travis,94
Ruth,62
Ronald,34
Palmer,48
William,12
Richard,88
Tanya,52
Sherrie,10
James,100
Juli,46
Terry,64
Frank,32
James,18
Randy,50
Jack,100
Heather,94
Michael,48
Seth,36
Vernita,42
Maria,84
Paulette,58
Diane,4
Ralph,54
Rosemarie,94
Donald,30
Steven,42
Rosa,84
Lucia,80
Pauline,8
Ben,10
Sally,12
Jerry,88
Sandra,32
Rita,72
Rose,88
David,60
Justin,72
Richard,62
Richard,90
Lindsay,70
Lynne,46
Steven,92
Lois,98
Carolyn,0
Patricia,12
Willis,68
Sonia,72
Ruth,28
Adria,0
Christine,14
Pearlie,42
Douglas,90
Katherine,82
Sandra,72
Debra,40
Becky,42
Virginia,64
Chester,34
Melanie,30
Beverly,66
Jennifer,32
Jorge,12
George,20
Margaret,90
Jack,42
Leann,24
Richard,22
Alana,56
Jimmy,78
Mary,86
Richard,52
Dave,8
Kevin,34
Cynthia,8
Louise,58
David,4
Kelly,92
Thomas,8
Matthew,100
Judith,56
Mary,78
Allison,68
Debra,96
Daniel,50
Travis,90
Ilse,18
James,16
Darlene,50
Angela,40
Melissa,30
Claire,90
Matt,20
Steven,24
Kelly,82
Jessica,68
Joyce,66
Lori,90
Fredrick,2
David,80
Jeff,18
Tracy,76
Betty,42
Grazyna,8
Maria,40
Marcelle,96
Eric,70
Bob,98
Lisa,76
Arthur,32
Brandon,34
Dawn,64
Michael,58
Robert,44
Aura,6
Richard,14
Christopher,48
Roger,42
Bill,24
Joseph,88
James,28
Harold,30
Olga,12
Terry,56
Carla,0
Alice,78
Eddie,90
Frank,0
Ronald,72
Oren,86
Peggy,22
Earlene,12
Teresa,62
Michael,68
Jonas,100
Norma,8
Jennifer,24
Doris,14
Lindsay,78
Elva,42
Marina,48
Jennifer,22
Christina,66
Kenneth,0
Roger,86
Cecilia,82
Grace,6
Tina,16
Diane,2
Lynda,98
Catharine,46
Martha,34
Anna,30
Michelle,0
Jessica,2
Clarence,0
Kaye,52
Matthew,40
Diane,54
Marc,6
Silvana,16
Teresa,62
Michael,14
David,58
Paula,100
Tammy,58
Patsy,34
Elsie,82
Carol,14
Ivan,34
Peter,6
Walter,94
Tommie,34
Faye,4
Michael,30
Ben,8
Clifford,56
Nancy,76
Carl,60
John,76
John,32
Emile,88
Ray,36
Frank,2
James,26
William,82
James,68
Roy,40
Joseph,82
Alice,64
David,18
Joshua,38
Anna,62
Kathy,42
Terry,68
Santa,10
Thomas,16
Rex,0
Ruth,94
Jacquelyn,34
Cody,52
Lasonya,90
Ronald,56
Bruce,12
Robert,80
Betty,0
Julia,4
Loretta,4
Lucille,72
Sharon,68
Todd,38
Mark,38
Fernando,76
Richard,16
Mary,98
Tonya,96
Martha,6
Melissa,36
Claudine,50
Steven,66
Helen,26
Jason,90
Neil,2
Antonio,58
Irma,76
Sylvia,50
Floyd,70
Kim,68
James,76
Jennifer,6
Mario,28
Curtis,78
Jason,46
Debra,52
Consuelo,6
Willie,20
Kimberly,58
Kevin,24
Thomas,100
Gloria,78
Miriam,24
James,24
James,86
Isaac,56
Rachel,28
Timothy,74
Mary,86
Judith,12
Antionette,82
James,42
Veda,40
Kathryn,44
Mercedes,4
Andrea,52
Kristen,20
Donna,96
Betsy,16
Micheal,20
Francesca,100
Jessie,60
Daniel,82
Lorenzo,54
William,54
Angela,84
Benny,68
Sarah,22
Rae,50
Rachelle,64
Ciara,38
Dixie,48
Gary,50
Tracey,84
Marjorie,96
Edward,18
Dawn,56
Margaret,58
Jeanice,30
David,50
John,78
Tanya,52
Tammi,38
Mary,18
Thomasina,4
Ray,36
Maria,22
Timothy,26
Victoria,90
William,0
Alejandro,18
David,28
Rosario,54
Kim,70
Stuart,62
Jim,28
Evelyn,72
James,10
Tommie,66
Charles,50
Nicholas,66
Brenda,90
Allen,18
Michael,48
Hortencia,32
Dennis,40
Paul,96
Anthony,10
Michael,84
Daniel,38
William,92
Charles,62
John,98
Julia,62
Erica,50
Robert,62
Thomas,32
Jana,24
Dennis,58
Zina,34
Gonzalo,26
Virginia,44
Denise,2
Helen,20
Leslie,10
Colleen,12
Timothy,62
Dorothea,56
Walter,14
Paul,76
Charles,80
Mary,6
Brandon,32
Garry,42
Janet,32
Retha,32
Kevin,14
Kimberley,68
Jenni,58
Elizabeth,48
Stephen,10
Suzanne,72
Lori,62
Cynthia,58
Latasha,86
John,44
Matthew,54
Jane,32
Shirley,14
Audrey,14
Maria,50
Ruth,0
Lynette,48
Pearl,66
Michael,50
Elizabeth,72
Hilda,44
William,6
Earl,56
Francine,84
Eugene,96
Susan,18
Mae,10
Diana,52
Howard,90
Ralph,64
Carolyn,50
Michael,22
Jesus,94
Stanley,60
Janice,46
Gary,8
David,58
Elizabeth,14
Israel,94
William,68
Alice,2
Albert,10
Janet,0
Patrick,98
Lee,70
Gerald,90
Gerald,46
Hubert,76
Willodean,34
John,48
Martha,54
Jacob,92
Perry,32
Angela,58
Helen,58
Douglas,96
James,74
Lisa,26
Debra,16
Carlos,40
Fred,48
Don,76
Peggy,14
Eric,60
Rose,94
David,100
Micheal,88
Clyde,14
Carolina,66
Leslie,98
Kathryn,0
Samuel,66
Ruby,44
Stanley,98
Phillip,36
Daniel,56
Anne,78
Fabian,30
Leland,86
Heather,98
Gerry,24
Marcus,4
Barbara,16
Annette,24
Alexander,68
Anthony,26
Sam,98
Corey,58
Annmarie,40
Christina,76
Martha,78
Laura,40
Lisa,96
Shirley,56
Emily,64
Vernon,66
Ruby,58
Gabriel,56
Joe,84
Elizabeth,12
Alex,68
Rickie,8
Veda,2
Lynn,28
Esperanza,28
Nan,68
Richard,58
Abe,2
Karla,76
Patricia,26
Mary,92
Pauline,98
Derek,76
Heidi,96
Anita,38
Maria,92
Kurt,0
Tommy,84
Manuel,42
Beau,24
Timothy,40
Forrest,26
Thelma,50
Cheryl,52
Paul,4
Michael,32
Gail,80
Mildred,88
Sidney,88
Esther,76
William,20
John,56
Jack,64
John,10
Heath,12
Kenneth,74
Bethany,96
Paulette,22
Robert,94
Lisa,4
Nathaniel,44
David,100
Bryan,38
Beth,12
Michael,62
Cathy,16
Frank,94
Alma,28
Daniel,12
Catherine,28
Charles,62
Anne,36
Catherine,52
Linda,54
Catherine,30
Carlos,62
Marianne,36
Roberto,40
Shirley,98
Quincy,32
Bonnie,32
Lance,96
Patricia,64
Anthony,78
Lloyd,58
Janice,98
Cynthia,72
Amanda,32
Robert,88
Thomas,22
Carol,58
Ashley,68
Nellie,6
Elise,30
Gloria,2
Leroy,24
Song,26
Richard,2
Randy,26
Brian,8
Scott,40
John,88
Carrie,24
Sheila,54
Paul,56
Kenneth,94
Mammie,98
Lizzie,20
Sherrell,70
Bradley,50
Rachel,46
Jessie,44
Holly,86
Kenneth,58
Shawn,4
Annette,22
Patrick,66
Nadia,50
Ricky,92
Joyce,100
Antonia,30
Debra,88
John,6
Tabatha,34
Jeff,16
Kristine,34
Crystal,28
Harry,78
Roberta,60
Margaret,98
Christine,40
Pam,20
Robin,6
Agnes,16
Christine,10
Kevin,60
Jeffrey,94
Ashley,90
Andrea,0
Rose,14
Eloise,40
Curtis,62
Gloria,60
Michelle,10
Fred,52
Matthew,42
Carol,4
Jorge,80
Mary,68
Gabrielle,44
Louise,14
Donald,4
Guillermina,8
Frances,50
Helen,68
Vivian,96
Jerry,90
Dawn,8
Hazel,0
Beverly,48
Evelyn,72
David,0
Billy,78
Evette,6
Michael,70
Sara,42
Ronnie,0
David,46
Julie,84
Stephanie,92
Phillip,58
Paul,54
Zetta,96
Pamela,72
Guy,86
Carolyn,42
Alex,30
Joseph,8
Shirley,74
Louise,46
Michelle,84
Douglas,10
Deborah,16
Dan,2
Kim,68
David,86
Tommy,14
Christina,4
Dana,16
Stanley,0
Ronald,90
Raul,70
Robert,46
Dennis,96
Kevin,8
Crystal,88
William,14
Roy,92
Holly,38
Angela,44
Barbara,14
Cathryn,8
David,14
Kelly,4
Willie,56
Nora,30
Mark,18
Margaret,0
Erin,84
Jesse,48
Chad,14
Sofia,92
Anna,24
Linda,12
Jessica,90
Ronald,62
James,14
Nancy,14
Annette,72
Christopher,2
Paul,26
Mathew,18
Marcelo,56
Wilson,50
Dean,38
Ambrose,90
Guy,66
Roy,16
Donna,94
Shari,50
Timothy,82
Anjanette,4
Charles,12
Miguel,36
Suzanne,38
Marlene,88
Sara,88
Rebecca,54
Deanna,38
Bobby,80
Cornell,0
Antonio,82
Norman,60
Richard,74
Lisa,72
Dana,46
Harold,82
Joanne,96
Ellen,98
Greg,54
Amelia,88
John,40
Debra,22
Christopher,58
Melinda,82
Nancy,90
Angie,30
Ethel,10
Ashley,32
Elizabeth,98
Karen,20
James,46
Kathryn,92
Cassie,64
Barbara,34
Heather,14
Rhonda,24
George,10
Faustino,82
Jay,100
Ray,38
Nathan,78
Mae,32
Timothy,70
Robert,50
Mary,34
Anna,100
Maxine,80
Patricia,72
Jason,30
Rafael,36
Barbara,68
Michelle,22
Joe,100
Eugene,16
Leslie,36
Timothy,50
Jon,36
Gwendolyn,94
Wanda,24
Joni,96
Brooke,100
William,22
Denise,36
Bobby,88
Jaimie,34
Gabriela,20
Marian,10
Elizabeth,24
Michael,22
Eva,18
Randy,52
Debra,52
Donald,64
Rodolfo,24
Maria,42
Nancy,64
Donald,54
Amy,12
Leslie,20
Dennis,90
Brock,14
Maurine,78
Jeanne,28
Misty,74
Samuel,50
Travis,76
Myra,74
Herman,72
Tommy,8
Peter,62
Rodolfo,70
Joan,64
William,36
Dianne,64
Mary,62
Gina,2
Sharon,78
Maureen,44
Clyde,26
Dewayne,64
Gabrielle,24
Randy,58
Richard,96
Derrick,98
Jason,74
Jeff,36
Carroll,2
Diana,44
Cynthia,80
Sandra,48
Herman,94
Patricia,98
Leslie,66
Randall,6
Brenda,22
James,86
Jeremy,72
Timothy,86
Kyle,80
Helen,82
Kenneth,98
Victoria,90
George,76
Michael,72
Kristina,80
Darnell,8
Jerome,24
Paul,28
Chris,58
Ana,66
Keith,46
Seth,92
Justin,46
Jim,12
Eric,20
Kyle,14
Kaitlyn,78
Mary,24
Archie,64
John,64
Paul,8
Alexander,100
Richard,88
Dean,74
Charles,100
Essie,82
Luis,96
Maria,88
Louise,36
Wanda,54
Christopher,2
Diane,26
John,52
Felix,18
Rosemary,28
Ricky,50
Laura,60
Helen,18
Dan,24
Anya,20
Terry,54
William,56
James,40
Elizabeth,80
Marie,6
Jennifer,18
Claudine,30
Patricia,72
Kathy,84
Jan,0
Pat,42
James,96
Mary,46
Eunice,92
Jose,52
Jeffrey,66
Lindsay,38
Denise,40
James,34
Marsha,70
Michelle,56
Diane,86
Dora,70
Julie,80
Claude,62
Wayne,0
Lyle,12
Laura,98
Celina,58
Lucile,92
John,28
Kent,50
Robert,26
Edmund,84
Janet,40
Brooke,74
Lucille,22
Joseph,68
William,38
Thomas,88
Renata,82
Frances,40
Tammy,60
David,16
David,50
Michael,12
Bridget,50
Steven,58
Carlos,14
Mildred,60
Mike,36
Sheila,70
Lilian,6
Myrna,50
Karen,12
Thomas,26
Irene,56
William,52
Cecelia,8
Dorothy,98
Wendy,52
Adrian,34
Matthew,28
Elayne,48
Kathleen,48
Janet,16
Paula,34
Heather,40
Michael,62
Charlie,86
Patricia,6
Ryan,96
Tracy,86
Ernest,72
James,20
Rosa,38
Curt,52
Percy,30
Robert,46
John,16
Rick,36
Matthew,16
Terrell,10
Patrick,46
Michael,6
Carrie,54
Kimberly,58
Vivian,6
Vincent,4
Lionel,12
Daniel,56
Ebony,52
Helen,14
Joann,94
Nellie,70
Johnny,76
Bernice,6
Philip,40
Daniel,24
Jill,60
Linda,78
Margie,90
Mildred,56
Gloria,84
Wanda,6
Joseph,74
Clark,94
Monte,60
Randy,70
William,44
Tisha,50
Karen,100
Darren,80
Haywood,44
Austin,86
Naomi,92
Jessie,40
Catherine,0
Donna,36
Patricia,92
Missy,66
Josie,48
Mary,96
Richard,68
Lawrence,66
Floyd,44
My,8
Elly,24
Kenna,14
Joseph,2
Bryan,36
Gay,100
Frances,60
James,50
Kevin,84
David,96
Linda,30
Douglas,84
Paul,84
Thomas,14
Marie,52
Heather,40
Bobby,100
Vicki,62
Thomas,12
Eldon,16
Christine,40
Tanya,86
Karen,96
Jason,22
Keith,28
Edward,26
Deborah,66
Derrick,2
Jane,40
Sharon,88
Tatiana,6
Jena,28
Valentina,66
Cathy,72
Andrew,94
George,88
John,100
Carlos,18
Jack,72
Jesus,96
Walter,62
Mary,24
Paige,52
Tina,96
Perry,26
Marvin,58
Rachel,82
Gerald,0
Robert,94
Brian,92
Wesley,98
Alan,72
Michael,44
Nell,20
Jessica,28
Clement,72
Alex,94
Margie,84
Martha,10
Linda,80
Alexis,94
Omer,46
Anna,4
Bradley,28
Tina,36
Percy,14
Jared,58
Francisco,50
Dennis,62
Maria,32
Robert,44
Alicia,48
Phyllis,50
Polly,20
Frankie,64
Mark,18
Karl,38
Javier,14
Garnett,90
Thomas,70
Thomas,88
Roger,82
Harvey,78
Nicholas,48
Ana,6
Eric,10
Georgette,94
Scott,64
Rodney,36
Charles,48
Bernice,48
Zachery,68
Karen,48
Wendy,60
Gordon,88
Rick,34
Timothy,18
Michael,78
David,92
Janet,12
Donald,96
Elnora,38
Jacqueline,8
Randall,60
Alice,62
Stacey,6
Shirley,80
Sheryl,12
Kurt,18
Laura,0
Patricia,60
Christin,40
Eleanor,14
Dennis,38
Denise,22
Joshua,50
Alejandro,64
Steve,38
William,20
Eugene,94
William,44
Margie,50
Mary,52
Bree,46
Dolores,70
Tonya,6
Michael,48
Ginger,72
Guy,16
Mildred,76
Susan,28
James,20
Edith,66
Shannon,64
Jolanda,40
Leroy,62
Noreen,64
Aubrey,68
Glen,40
Maxine,96
Patty,24
Gwen,56
Jamie,78
Robert,66
Louise,4
Beatrice,46
Raymond,14
Katherine,80
Annie,92
Frances,4
George,88
Gary,96
Jeffrey,6
Elizabeth,92
Michael,14
Joann,52
Milton,16
Gwendolyn,2
Charlie,60
Matthew,76
Glenn,92
Kelly,54
John,64
Dana,22
Rebekah,54
Loraine,24
Ira,90
Emily,58
Alta,94
Ernest,88
Anthony,44
William,40
Mary,40
Christopher,38
Angel,90
Bonnie,28
Laura,54
Tod,86
Agustina,58
Cassandra,62
Kevin,42
Merlin,0
Brian,78
Mervin,98
Kendall,38
Ruth,48
Rhiannon,52
Alec,10
Christopher,6
Michele,48
Sheila,62
Keisha,90
Eloise,78
Mildred,20
Kimberly,20
Jennifer,16
Mary,0
Daniel,12
Thomas,44
Terrell,2
Martin,34
Theresa,62
Mary,12
Clayton,66
Dennis,8
Judy,8
Hester,98
Gerald,54
Laura,4
Kelli,84
Mary,28
Hans,30
Karen,80
James,94
Julia,60
Robert,78
Sheila,68
Von,22
Sonya,86
Twila,62
William,56
Brian,98
Mary,20
Don,0
Melvin,100
Sandra,62
Darlene,80
Aaron,52
Clifton,50
Dave,78
Shirley,16
Jeanine,42
Diane,72
Margaret,90
Jeffrey,38
Brenda,6
Barbara,94
Christopher,22
Bertha,6
Benjamin,64
Bea,42
Adam,68
Guy,46
Edward,46
Robert,4
Isaac,24
Jacqueline,6
Patricia,78
Martin,4
Karen,70
Johnny,32
Ann,16
Maria,6
Malinda,54
Monique,98
Micheal,90
Janice,72
Denise,30
Dorothy,8
Edna,12
Bertha,8
Angel,62
Wilma,90
Beverly,88
Lawrence,90
William,68
Walter,94
Ryan,76
Terri,100
Darius,72
Janice,60
Clarence,62
Franklyn,98
Mary,56
Cheri,100
Joseph,96
William,14
John,66
Allen,64
Caroline,48
Linda,74
Richard,4
Jesse,18
Kathryn,10
Mary,10
David,46
Cathy,66
Holly,98
Rudy,52
Bradley,44
Jack,4
Roland,56
Sarah,52
Michael,10
Ervin,58
Kellie,62
Alisha,90
John,98
Ryan,58
Pam,78
Rose,54
Scott,32
Colleen,32
Kevin,84
Richard,92
David,40
Hilde,48
Tyler,34
Gary,16
Margaret,56
Nancy,94
Lillian,4
Jordan,72
Anna,88
David,86
Karen,100
Jessica,16
Christine,76
Fred,48
Ashley,48
Donald,44
Anna,50
Carolyn,0
Virginia,54
Crystal,86
Anita,86
Emily,90
Marjorie,56
Brian,46
Stacy,50
Janet,82
Alexa,32
Robert,60
Andrew,84
Rigoberto,26
Jose,78
Boyd,60
Sharon,62
Stacie,62
Cody,96
Suzanne,78
Victoria,0
Sergio,42
James,32
Lola,68
Darlene,90
Erica,30
Betty,68
Harold,80
Katrina,42
John,84
Amy,88
Kevin,82
Kathryn,36
Paulette,60
Joseph,30
Floyd,10
Helen,96
Kasi,74
Freddie,36
Carolyn,98
David,14
Dawn,72
Amanda,68
Janice,32
William,92
Mark,28
Nicola,34
Michael,20
Tina,2
Dorothy,42
Thelma,68
Martha,54
Elias,42
Phyllis,94
Anthony,36
Jennifer,36
Chadwick,54
Randy,48
Dennis,10
Clarence,48
David,34
Marybeth,26
Mark,34
David,88
Marlyn,10
Clayton,44
Judith,44
Kisha,38
Albert,32
Anthony,38
Patricia,22
Eric,86
Ellen,74
Tracie,64
Lindsay,34
Wanda,38
Deborah,2
Virginia,64
Patrick,0
Michael,58
Shanta,38
William,4
Rosemary,18
Steven,72
John,24
John,8
William,48
Barbara,6
Clarence,46
Tracy,88
Christopher,90
Michael,74
Reggie,6
Samuel,54
Dennis,24
Jerry,24
Ginny,90
Joseph,16
Kenneth,42
Anne,78
Douglas,56
Estella,32
Nancey,96
Willie,68
Anna,32
Carol,70
Jack,6
Lawrence,70
Katherine,26
Clarence,10
Richard,26
Edna,92
Neal,82
George,98
Tamera,12
Sylvia,90
Carolina,2
Jeremiah,100
Carla,38
Johnnie,2
Gregory,84
Robert,4
Donald,96
John,48
Eric,72
Priscilla,74
James,58
Allison,2
Mitchell,6
Fred,82
Virginia,60
Ann,100
Helen,78
John,2
Allen,74
John,24
Jessica,82
Norma,98
Amanda,16
Carole,64
Lucy,52
Luz,44
Ruben,96
Marie,90
Jessica,76
Duane,62
Stephanie,10
Karen,64
Angela,48
Juana,68
Dorothy,4
Craig,66
Andrew,40
Christopher,48
Marisa,34
Rocky,42
Dennis,22
Paula,86
Cesar,68
Marian,6
Angela,34
Edgar,42
Paul,18
Milagros,26
Arlene,38
Ronald,68
Roger,64
Otis,14
Michael,16
Gary,86
Lester,60
Andre,98
Ernest,52
Jeanne,30
Beth,14
Mary,88
Darlene,68
Tammy,30
Gerardo,12
Julian,68
Charles,26
Marie,44
Martina,16
Richard,70
Martin,28
Janet,58
Clark,26
Tammy,36
Jeremy,64
Mary,82
Matthew,92
Jean,84
Janet,6
Joyce,58
Anthony,34
Maria,20
James,26
Teresa,12
Charlotte,44
Mikel,40
Billy,58
Jason,8
Thelma,2
Maya,66
Javier,60
Amy,94
Carla,58
Deborah,8
Robert,90
Lynette,64
Natashia,48
Mary,66
Iris,24
Jeff,100
Tanya,66
Barbara,90
Kathy,56
Anthony,80
Carl,70
Brett,8
Douglas,34
Jason,28
Jacob,66
Rose,58
Mark,10
Crystal,48
Collin,50
June,70
Eugene,98
Elton,18
John,22
Marilyn,86
Curtis,0
Ruth,8
Gloria,64
Lorene,46
David,10
Rachael,70
Eloise,80
Felicia,100
Mona,20
James,90
Elsa,96
Kathleen,72
Jodi,12
Angela,44
Holly,92
Tina,100
Heather,28
Glenda,34
Janet,52
Salena,96
Jamie,100
Julio,20
Vince,54
Gabriel,98
Maria,42
Randi,96
May,34
Carl,30
Ernestine,10
Lucy,100
Jeffrey,36
Peter,32
Vernell,10
Steven,56
Adriana,22
Brenda,6
Richard,56
Frankie,44
Dianna,50
Kenneth,72
Vivian,42
Dolores,94
Alejandro,86
Beulah,42
Denise,24
Eleanor,96
Jose,26
Carole,36
Charles,20
Cindy,88
Barbara,28
Benjamin,54
Douglas,16
Victoria,14
Jessica,100
Simon,70
Danielle,72
Phyllis,88
Joe,10
Anthony,34
Ismael,2
Bethany,70
Robert,48
Cassie,48
Joseph,44
Marsha,10
Katelyn,34
Jose,50
Joshua,8
Marcus,4
Albert,42
Michelle,66
Qiana,92
Joann,6
James,52
Dylan,20
Grant,4
Carolyn,60
Olga,76
Kendra,54
Norman,18
Rose,18
Dian,64
Douglas,30
James,24
Brenda,24
Jamie,26
Leon,46
Mary,96
Mary,6
Charles,6
Donna,6
Guy,100
John,18
Jan,80
Nicholas,96
Jose,94
Carolyn,100
James,6
Michael,98
Kenneth,62
Tina,76
Kurt,74
Mark,44
Aleen,86
Floyd,98
Carol,24
Charles,100
Deborah,66
Yolanda,20
Oren,26
Kathy,56
Margery,46
Frankie,56
Thomas,30
Jamee,88
Veronica,74
Rebecca,84
Sharon,62
Dorothy,76
Candace,60
William,54
Jenny,82
Dean,68
Marcus,56
Anita,50
Patricia,18
David,24
Billy,90
Ken,74
Angel,44
Lincoln,36
Jason,78
Richard,26
Lola,66
James,78
Michael,28
Dana,22
James,40
Charles,44
Thomas,48
Richard,24
Marci,46
Brian,46
Lisa,76
Dora,52
Jonathon,88
Edwina,100
Melissa,10
Robert,82
Helen,98
Jacob,66
David,46
Darrin,98
Donald,72
Thomas,30
Clark,80
Flossie,54
Paula,26
Dorothy,48
Blanca,46
Carlos,14
Jerome,94
Teresa,74
Frank,0
Maria,14
Luis,28
Michael,2
Leah,22
Heidi,54
Sharon,90
Margaret,90
William,0
Beverly,44
Teresa,94
Lillian,18
Paulette,62
Pearl,82
Beth,10
Robert,86
Nick,10
Travis,0
Roy,70
Janell,84
Delores,24
Raul,50
Theresa,12
Richard,14
Sally,42
Margret,36
Reinaldo,24
Christi,100
Gordon,76
Therese,24
Vanessa,96
Minnie,94
Kenneth,68
Dorothy,38
Pamela,96
Kenneth,68
Jarrod,92
Dante,74
Patricia,82
Vanessa,38
William,0
Cesar,94
Joseph,50
Polly,72
Evangeline,62
Maria,84
Adam,84
Rachel,72
Thea,80
David,88
Ione,46
Elizabeth,100
Oliver,26
Gary,16
Boris,30
Gina,24
Leslie,94
Jane,52
Kim,32
Ronald,92
Edgardo,54
Alma,36
William,58
Michael,66
Dennis,24
Ronald,88
Frances,58
Robin,24
Margaret,28
Diana,86
Elizabeth,20
Michael,52
Monica,20
Elizabeth,84
Kristopher,52
William,84
Lisa,58
John,22
Bennie,38
Roy,56
Linnea,48
Kathi,90
Jonathan,72
John,74
John,38
Melissa,88
David,6
Daniel,92
Lydia,12
Marie,14
Jeanne,46
Jerry,100
Lillian,100
Christina,60
Charity,26
Ruth,28
Peter,20
Douglas,20
Russell,56
Deborah,78
Janice,94
Henrietta,90
Faye,0
Zena,34
Phyllis,8
Jose,100
Curt,20
Stephen,20
Margie,64
Karen,34
Charles,32
Lois,74
Louis,98
Roger,40
Kristen,34
Susan,72
Kate,48
Judith,36
Mark,2
Kenneth,100
Richard,32
Bruce,0
Richard,16
John,78
Douglas,28
Rosemarie,2
Sean,48
Ashely,2
Delphine,74
Mark,44
Ima,4
Paul,60
Paula,30
Cory,54
Sterling,90
Lasandra,64
Emma,100
Mildred,4
Arthur,84
Herman,94
James,56
Alva,90
Jesse,74
Gloria,40
Betty,26
Doris,40
Ilene,16
Tammie,42
Bettye,78
Teresa,12
Pauline,44
Benjamin,52
Jefferson,4
Julissa,22
Anne,12
Billie,22
Charles,76
Agnes,24
Jennie,40
Earl,34
Kay,78
Ronnie,54
Willa,62
Darren,70
Nicholas,40
Todd,100
Mark,94
Sylvia,62
Allison,38
Mayra,74
Lenora,98
Gerald,46
Kimberly,68
Heath,88
Lucille,56
Rosa,44
Edward,10
Corey,6
Shelly,96
Melinda,58
Nobuko,72
Susan,52
Joy,16
Janina,54
Kathleen,52
Harvey,44
Annetta,94
Antoine,88
Roger,48
Johnathon,74
Brenda,88
Michelle,40
Andrew,60
Margaret,0
Josephine,98
Lillian,42
Lester,0
Mark,96
Valerie,86
Mae,54
Timothy,94
Ronald,24
Kathy,70
Joshua,14
Glady,24
Kenyatta,84
Mary,38
Hector,2
Mary,16
Melvin,74
Jacob,88
Kimberly,40
Virginia,82
Benjamin,26
Debra,18
Mark,86
Amy,46
Nancy,8
Rachel,14
Jolie,62
Raymond,2
Cara,22
James,92
Marcus,36
Rosemary,96
Edward,40
Olin,34
Antoinette,36
Charles,32
Rosa,50
Terese,84
Henry,0
Tyrone,66
Horace,62
Herbert,78
David,56
Kathleen,74
Larry,36
Joseph,26
Robert,76
Karin,78
Todd,72
Philip,14
Helena,94
Eric,62
Richard,86
Eric,0
Rachel,62
Abdul,50
Jamie,68
Wade,86
Selma,16
Paula,16
Kimberly,68
Patricia,32
Marie,100
Rose,26
Elaine,58
Arthur,4
Annett,64
Nathan,92
Gregory,8
Arthur,100
Curtis,0
Juan,54
Victoria,52
Ulysses,92
Melvin,92
Vernon,30
Johnny,54
Albert,98
Carmen,18
Dale,44
Marcela,20
Michael,88
Dustin,86
Lonnie,52
Laura,22
Carl,34
Andrew,12
John,54
Lilia,42
Robert,98
Shirley,12
Nancy,42
Mildred,98
Kevin,54
Rachel,36
Sandra,0
Larry,90
Debra,0
Bridgette,32
Nancy,4
Charles,58
Ellis,54
Roland,76
Dawn,16
Sherry,16
Terry,4
Ann,80
Sonia,46
William,8
Kevin,10
Helen,4
Leland,2
Joan,94
Abigail,30
Lois,2
Bobby,22
Janelle,68
Elizabeth,6
Terry,60
William,14
Sheree,86
Patricia,68
Simon,0
Linda,98
Sandy,32
Charles,2
Melissa,100
David,66
Roberta,38
Earl,32
Robert,8
Crystal,34
Melissa,24
Dolores,92
Nicholas,16
Janie,44
Kathy,8
Mike,82
Janelle,24
Alfredo,84
Judy,28
Judith,30
Phyllis,88
George,0
Jennifer,54
Henry,38
Richard,74
Carl,56
Vincent,66
Bryan,12
Jon,40
Seth,16
Craig,60
Elizabeth,4
Forest,44
Katrina,38
Jorge,2
Roger,100
Debra,20
George,48
Gary,82
Michael,4
Crystal,20
Odessa,24
Kendra,46
Donald,24
Thomas,92
Edward,80
Maxine,40
Christina,94
Kenneth,62
Susan,18
Domingo,68
Bobby,36
Ernest,28
Ilana,72
Jaime,56
Dorothea,82
Gregory,100
Audrey,66
Aubrey,64
Angela,46
Susan,0
Evelyn,36
Daniel,28
Jason,42
Angel,16
Paul,0
Brittani,80
Patricia,74
Beverly,58
Sharon,22
Donald,10
Valerie,54
Joan,92
Thomas,28
Jaime,38
Sarah,40
Paul,100
Everett,58
Donald,30
Howard,88
Frankie,92
Gertie,24
Gerald,18
Lenard,14
Noreen,64
Troy,74
Dena,56
Mike,86
Mary,46
Florence,88
Richard,36
Janet,4
Gloria,58
Rex,26
Lucille,38
Michael,70
Daniel,14
Eric,38
John,52
Mae,18
Krystal,68
Tanesha,16
Mary,46
Don,44
Robert,76
Richard,34
Brett,92
Racheal,100
Daniel,70
Marion,90
John,60
Vincent,56
Retha,94
Todd,30
Bryan,96
Steven,82
Kathy,14
Mary,86
Irene,88
Tyler,76
Jackie,52
Raymond,96
Tommie,26
Richard,6
Wendy,72
Sheree,76
William,84
Marc,36
Lorraine,52
Harold,58
Margaret,30
Lynda,30
Vickie,40
Janis,4
Amos,58
Geneva,86
Irene,70
Darlene,72
James,62
Michael,24
Kimberly,40
Florence,24
Andre,6
Karl,26
Susan,70
Eddie,46
Denis,20
James,80
John,98
James,44
Leo,16
Cynthia,88
Lynn,34
Grace,72
Patricia,74
Rodney,78
Marie,72
William,52
Donald,60
Mary,46
Lynda,2
Mose,70
Jacob,20
Tony,58
Tiffany,54
Jack,84
Billie,48
Danny,66
Regina,16
Michael,84
Amanda,6
Tommy,36
Gail,96
Kristin,62
Travis,60
Stanley,62
Katie,40
Lynne,100
Rafael,56
David,54
Charlotte,34
James,38
Alfred,58
Ronald,82
Michael,60
Vera,4
Myrtle,44
William,28
David,28
Maybelle,74
Sheila,68
Mary,62
Anthony,40
Erin,38
Elizabeth,62
Gary,92
Billy,82
David,58
Richard,10
Joshua,38
Richard,48
Julianne,78
Sandra,84
Kelly,36
Mark,62
Jessica,72
Rebecca,44
Joshua,46
Pauline,72
Warren,78
Jack,54
Joe,42
Jonathan,86
Cecil,52
Edward,78
Julio,20
Linda,20
Clifford,38
Donovan,36
Valorie,86
Martin,60
Paul,40
Dan,0
Robert,98
Eric,86
Ruby,70
Jenifer,74
Roxie,88
Roland,40
Susanne,64
Carla,66
Teresa,32
Ruth,22
Douglas,4
Vincent,82
Charles,44
Jessica,74
David,16
Martha,92
Robert,74
John,66
Fran,90
Christy,28
Penny,40
William,12
Judy,8
Helen,18
Bernice,58
Brenda,86
Martina,90
Rosa,62
Anglea,74
Alexander,2
Robert,76
Larry,26
Jose,50
Tonya,0
Michael,48
Joshua,50
Justin,46
Sandra,34
Johnny,76
Rebecca,20
Katherine,0
Paul,72
William,70
Georgene,34
Tonita,74
Maria,84
Linda,18
Randy,32
Albert,96
Adam,84
Michael,94
James,0
James,36
Curt,56
Patti,20
Tina,96
Rose,34
Lorraine,12
Bobbi,0
Charles,86
Benjamin,72
Andrew,38
Mary,16
Bettie,82
Tomas,28
Richard,58
Zachary,48
Stephen,50
John,46
Albert,58
Marilyn,100
Christine,16
Kristin,4
Jeremy,26
Michael,86
Ernest,80
Alice,84
Vanessa,36
Albert,52
Corey,24
Terry,50
Wanda,2
Carol,80
Hugh,78
Lester,28
Margaret,86
Shelia,58
Peter,72
John,76
Gary,32
Virginia,62
Kelly,86
James,52
Patrick,14
Mark,88
Kellie,62
Katherine,12
William,60
Ollie,86
Ralph,12
Anthony,0
Bernita,42
Cory,44
Edward,6
Serafina,44
James,56
Sandra,36
Blondell,88
Mildred,34
John,4
Kathryn,34
Mollie,14
Lora,48
Jesse,88
Nora,18
Adam,96
Ruben,52
Alice,62
Artie,52
Kenneth,42
Patricia,10
Edna,42
Jesus,74
Nicole,18
William,28
Stacie,24
Danny,46
Lorene,8
Manuel,64
John,12
George,96
Ingrid,98
Zelma,50
Helen,78
Edward,38
Susan,30
Callie,60
David,68
Francis,96
David,62
Fabian,92
Kathryn,82
Betty,72
Edmond,62
Delfina,46
Robert,8
Claire,46
Jimmy,24
Hilda,52
Kristy,76
Tonya,58
Eileen,62
Felisha,66
Tiffany,90
Mildred,38
Sheila,44
Samantha,84
Kathleen,62
Marie,60
Eva,70
Ashley,86
Jon,44
Sonja,34
Antoinette,90
Evelyn,78
Betsy,22
David,0
Donna,76
Alice,84
Donald,46
Kris,40
Johnathan,96
Isabel,30
George,42
Anna,32
Edward,16
Patricia,18
Kenneth,28
Jason,10
Donald,54
Mary,92
John,50
Thelma,74
Guillermo,22
Troy,66
Stephanie,98
Virginia,38
Sandra,100
Efrain,30
Richard,78
Barry,74
Bridget,82
Darryl,46
Ardis,12
Sidney,2
Francis,14
Charles,50
Evelyn,80
Raymond,22
James,44
Casandra,68
Aimee,46
Lucile,96
Steven,98
Anna,64
Luz,0
Billy,66
Shannon,38
Wanda,4
Edward,8
Manuel,38
John,94
Lucy,60
Maynard,48
James,34
David,50
Ellen,98
Sydney,62
Adelaide,76
Cheri,22
Karl,0
Gregory,86
Anthony,78
Jose,74
Jonathan,50
Janet,68
Ed,100
Timothy,60
Kimberly,4
Samuel,26
Jaime,100
Barbara,40
James,90
Travis,70
Rosemary,16
William,96
Danny,92
Richard,20
Lloyd,78
Alicia,78
Scott,48
Caitlin,68
Mary,26
Brian,16
Lewis,48
Alice,26
Caron,42
David,0
Lisa,34
Eva,72
Laurie,2
John,0
Pearl,30
Joseph,40
Christopher,84
Sarah,22
Maude,2
Terry,40
Dianna,86
Ruben,40
Mary,86
John,96
Shane,32
Debby,0
Mary,32
Emmanuel,86
Hector,32
Terry,10
Michael,72
Lisa,0
Robert,22
Daniel,60
Jacquline,10
Vincent,82
Andrew,54
Frances,64
Katie,44
John,80
Keith,82
Martin,90
Faustino,84
Larry,94
Margie,98
James,62
Matthew,96
Crystal,84
John,10
Son,52
Stanley,8
Kendrick,40
Floyd,54
Roland,2
Francisco,28
Saul,90
Fred,74
Thomas,28
Miguel,14
Robby,0
Pedro,70
Patricia,34
Renee,20
Jerry,10
Martin,10
Diane,28
Bernardo,84
John,40
Amanda,56
Terry,22
Dona,62
Ernest,92
Norma,8
Lillian,4
Princess,66
Jose,78
William,28
Sara,94
Debbie,8
Heather,92
Julie,46
Peggy,42
Richard,28
Dustin,88
Vincent,52
Barbara,64
Elizabeth,74
Joan,88
Jennefer,86
Elaine,26
Nancy,32
Matthew,68
Esperanza,98
Irene,12
Tommy,80
Margarita,78
Kelly,94
Anthony,46
Gail,76
Virginia,98
Brian,62
Donna,54
Grace,2
Joseph,64
Connie,70
Connie,56
Corey,40
Jacklyn,2
Cynthia,58
Lilly,46
Eugene,16
Jesse,18
Danial,0
Wayne,48
Laura,18
Ruth,90
Brian,88
Johanna,74
William,42
Margie,86
Gary,20
Elena,6
Ezekiel,12
Fidela,64
Daniel,0
Kristofer,76
Terrance,94
Travis,10
Maria,6
William,60
Jeremy,50
Julie,74
Richard,64
William,78
Michael,58
Larry,12
Dorothy,70
Ernesto,100
Thelma,46
Pauline,100
Miranda,84
Audrey,24
Micheal,64
Jonathon,10
Juan,52
Georgina,44
Crystal,12
Judith,88
Joshua,68
Emma,64
David,42
Shari,54
Howard,40
Frank,22
Lee,8
Natalia,98
Connie,2
Joshua,96
Raymond,72
Brian,88
Kara,88
Shirley,94
Robert,12
Joshua,70
Robert,42
Latrice,16
Jean,26
Nancy,86
Owen,48
Marcella,70
Bonnie,96
Noelia,96
John,58
Melissa,66
Lucille,48
Ashley,2
Jennifer,14
Mildred,32
Matthew,32
Juan,62
Jeri,96
Glenn,52
Claire,14
Paul,14
Francisco,12
Bertha,80
Orville,58
Ruthe,56
Marian,60
Willie,30
Kenneth,86
Ouida,66
Charles,90
Sherry,20
Erin,10
Windy,92
Alberto,56
Pamela,58
Harry,12
Thomas,44
Sophie,96
Samantha,36
Judy,56
Nadine,82
Rose,92
Bertha,88
Marta,6
Simone,18
Kristine,78
Brenda,72
Megan,48
Lynne,20
Terry,98
Fernando,16
Morris,92
Patricia,46
Timothy,56
Jean,68
Tracee,4
Lillian,48
Gussie,20
Mary,98
Deborah,92
Alicia,10
Betty,38
Reginald,56
Owen,4
Felicia,34
Patricia,2
Christine,68
Myrtle,50
Rick,42
David,12
Albert,20
Judith,20
Robert,8
Jose,44
Judith,30
Sofia,34
Arthur,44
Henry,96
Lillian,0
Evelyn,42
Guillermo,96
Mary,66
Carolyn,32
Stephen,56
Theodore,80
Jarrett,90
David,44
Alan,68
Jill,54
Kyle,42
Saul,50
Arthur,58
Judy,52
Steven,84
Elizabeth,2
Diego,18
Helen,76
Russell,72
Max,40
Richard,40
Stella,48
Rudy,8
Jared,44
Marion,70
Cleta,86
Dawn,26
Jeffrey,90
Donald,60
James,76
Rodger,60
William,88
Mary,50
Carl,80
Gladys,66
Majorie,46
Mary,80
Constance,84
Vanda,36
Janet,42
Louis,28
Carroll,34
Tamara,0
Tiffany,68
Billy,98
Alexander,24
Dave,40
Sharon,56
Norman,2
Grace,46
Barbara,74
Olga,100
Quentin,16
Kevin,36
Cynthia,6
Amelia,40
Garland,50
Jesse,36
Mary,94
Gary,32
Brenda,38
Edwin,88
Lori,68
Trevor,26
Bettie,68
Emily,12
Carter,46
Lisa,72
Leda,94
Evelyn,88
Dominique,24
Charles,82
Keitha,88
Joshua,36
Helen,78
Rachel,82
Miguel,86
Paul,22
Deborah,42
Erica,36
Nicholas,74
Douglas,86
Marie,52
Mitchell,82
Roxie,70
Dennis,18
Michael,52
Irvin,28
Luis,6
Veda,74
Richard,58
Susan,90
Stephanie,32
Ernest,64
Ellen,2
Richard,100
Elizabeth,30
Melvin,22
Bonnie,36
Virgina,48
Tessa,26
Isaac,84
Edna,32
Carl,84
Joseph,72
Gregory,58
John,48
David,12
Frederick,18
Diana,84
Donald,34
James,0
Jonathan,36
Lora,74
Brian,4
Christine,58
David,84
Roger,76
Helen,10
Preston,92
Thomas,100
Howard,58
Ruth,52
Christopher,88
Liza,66
Daniel,64
Carrie,4
Blaine,48
Lewis,34
Sherry,16
Earl,12
Theresa,34
Ann,78
Rod,68
John,84
Beatrice,12
Matthew,60
Calvin,92
Patrick,88
Kenneth,100
Clyde,50
Graciela,76
Robert,86
Jill,98
James,60
Ruth,88
Dana,76
Ronda,78
Eloise,4
Ricky,32
Charles,90
Trevor,72
Felix,54
Alvin,52
John,50
Gary,88
David,48
Debra,84
William,54
Harlan,92
Andrea,62
Kathryn,30
Peggy,58
Eric,78
Roslyn,6
Doris,86
Billy,2
Edna,14
Norma,44
Cesar,10
Richard,64
Bonnie,16
Nathalie,0
Richard,22
Leon,80
Debbie,66
Loretta,70
Dennis,36
Michael,54
Casandra,76
Donna,78
Tara,70
Harry,26
Scott,70
John,44
Catherine,50
Antonio,0
Dorothy,34
Gary,88
Jordon,6
Cynthia,24
Yvonne,38
Mary,56
Jolyn,46
Terrie,44
William,2
Leah,40
Margaret,100
Frances,92
Myrtle,50
John,34
Robert,64
Scott,0
Rebekah,14
Cora,10
Minnie,8
Nancy,10
Melissa,46
Emanuel,72
Michael,84
Arthur,84
Sheryl,46
Pedro,52
Brian,30
Zaida,42
Joseph,70
Charles,94
Wanda,52
Daniel,12
Ricky,96
Kathleen,16
Edward,34
Tyrone,92
Marie,28
William,20
Jeffrey,80
Annie,74
Lettie,34
Matthew,26
Darleen,36
Lora,80
Pamela,20
Douglas,16
Brenda,10
Megan,6
Georgia,92
James,12
Vincent,4
Carlos,72
Jorge,16
Jimmy,0
Anthony,22
Cecilia,22
Edward,46
Robert,78
Norman,84
Brian,100
Lori,4
Helen,60
Sherry,50
Nicole,42
Arline,24
Morris,10
Debra,58
Ross,96
Matthew,42
John,66
Rick,94
Jeffery,44
Eddie,10
Tina,60
Shawn,32
Justine,6
Darryl,90
Sara,96
Diann,52
Ada,10
Larry,24
Paul,34
Gertrude,32
Alton,60
Anthony,88
Susan,38
Francis,40
Zaida,28
Anthony,28
Kimberley,100
Richard,64
Betty,20
William,62
Rosa,68
Ashley,4
Joseph,44
Keith,4
Beverly,24
Judith,26
Shirley,88
Amber,26
Diane,80
Robert,42
David,82
Margaret,58
Steve,26
John,18
Georgette,90
Jesus,94
Jeremy,34
Curtis,14
Scott,18
Lorraine,78
Laurie,34
Kelly,98
Steven,96
Anna,50
Todd,6
Sharon,32
Michael,56
Brent,94
Joseph,62
Bradley,6
Robert,98
Elizabeth,80
Teresa,2
Lauren,66
Marie,94
Thomas,78
Natalie,86
Ida,58
Madeline,18
Dorothy,42
Benjamin,68
Richard,78
Timothy,28
Erin,94
Martin,18
Michael,92
Jerry,56
Dana,66
Betty,6
Joann,8
Elizabeth,90
Sean,22
Dallas,38
Cynthia,40
Daniel,46
David,92
Roy,58
Justin,70
James,48
Donald,66
Sharyl,10
Bruce,34
Aurelio,28
John,72
Robert,44
Marshall,76
Ryan,16
Desirae,92
James,16
Karen,96
Paul,94
Christopher,74
Jamie,16
Matthew,14
Evelyn,46
Nick,94
Mark,56
Stephen,34
Warren,34
Angela,6
Thomas,2
Gary,88
Bryan,12
Frances,14
Steven,82
Harold,70
Wilfredo,40
Anita,40
Cecil,62
Brandon,34
Herbert,88
Jeri,30
Rebecca,86
Amanda,84
Kerry,18
Leonardo,78
Calandra,2
Andrew,44
Rosa,52
Laurie,100
Wanda,42
Mae,66
Charlotte,44
David,40
Tara,18
Louanne,48
Margie,54
Henry,10
Ryan,60
Beverly,92
Alice,4
Johnnie,68
Glenda,12
James,0
Jack,8
Stephanie,36
Shawn,98
Casey,8
Greg,50
Joseph,38
Michel,6
Jennifer,54
John,96
Gilbert,30
Harry,66
Norma,98
Arthur,2
Michael,54
Stephen,40
Elizabeth,24
Ella,4
Randy,94
Wesley,30
David,8
Todd,38
Debra,24
Todd,92
Elenora,28
Glen,68
Angella,6
Barbara,16
Nathan,76
Dorothy,12
Christopher,54
Michael,30
Mitchell,60
Nita,40
Thomas,78
Lisa,22
Carolyn,34
Michele,46
Keith,28
Rosie,34
Steven,90
Frank,12
William,60
Rita,0
Nathan,58
Douglas,8
Mona,0
Particia,22
Terry,56
Ramon,24
Ronald,38
Marva,86
John,88
Richard,86
Lidia,72
Allison,8
James,26
Dwight,64
Richard,0
Lawrence,100
Avery,58
See,78
Frederick,62
Joey,16
Mary,8
Fred,50
Desirae,72
Danita,54
Jimmy,88
Jared,10
Stacy,82
Gary,36
Leona,48
Shirley,18
James,60
John,34
Joseph,34
William,36
Joshua,20
Alberta,96
Ethel,60
Steve,100
Kim,48
Jeff,0
Suzanne,52
Sara,70
Jeffrey,90
Denise,6
Bertha,30
David,96
Maria,60
Fred,98
Julia,12
William,46
Tammie,90
Tami,12
Curtis,50
Emily,74
Wilmer,18
Virginia,0
John,18
James,72
Cassandra,52
Janice,98
Sofia,84
Dolores,70
Douglas,80
Ronald,68
Donald,88
Carol,94
Helen,54
Nila,92
Geraldine,52
Stephen,92
Cynthia,66
Vanessa,22
Shirley,36
Nancy,4
Paul,80
Crystal,88
Alejandra,96
Jesus,64
Sheryl,56
Craig,74
Michael,4
Anthony,64
Jack,64
Michael,90
Sandra,50
Charles,18
Edward,72
Elmer,20
David,46
Julie,48
Annette,30
Gina,52
Jim,16
Lena,66
Willie,32
Randy,14
Lakeisha,96
Kate,44
Tyrone,24
Stella,94
Matt,56
Chandra,22
John,90
Bobby,94
Josephine,94
Danielle,0
Marie,68
Karin,40
Jeffery,62
Alice,4
Stephanie,54
David,38
Nona,100
Karen,72
John,8
Jo,76
Bertha,88
Carol,4
Edith,48
Daniel,38
Janet,14
Wendy,28
Catherine,58
Gloria,30
Andrew,48
Charles,68
Billie,72
John,40
Cecilia,64
Jon,44
Patricia,76
Julie,40
Wynona,0
Brian,24
Joseph,52
Kenny,34
Daniel,64
Ofelia,64
Howard,74
Cheryl,98
Walter,0
Anthony,78
Nelia,10
Phyllis,22
David,44
Larry,96
Esther,60
Elaine,66
Mark,46
Juanita,42
Marcus,70
Elizabeth,70
Walter,98
Rebecca,78
Regina,58
Yu,10
Barbara,16
Issac,36
Alexis,42
Laurie,76
Loren,84
Constance,92
Joseph,0
Sara,24
Jody,60
Anne,90
John,92
Patricia,16
John,44
Glenda,32
Mitchell,64
Garland,30
Eddie,42
Leticia,82
Dayna,52
Micah,66
Joseph,4
Augusta,46
Jessie,62
Patricia,96
Alicia,94
Lee,4
Thomas,68
Bobby,0
Robert,12
Irene,32
Thomas,48
Donald,16
Deborah,84
David,48
Annette,62
Kate,32
Richard,4
Jennie,6
Yvonne,54
David,56
Russell,20
Gerry,58
Garth,6
Harvey,76
Cathy,44
Frank,84
Eric,54
Bernard,46
Deborah,40
Erika,14
Roxanne,40
Gregory,34
Natalie,86
Guillermo,64
Norma,42
James,72
Adriene,34
Thomas,78
Taylor,78
Holly,100
Barbara,96
John,58
Alicia,6
Martha,90
Ola,4
Myrtle,48
Jose,6
Jamie,100
Lorraine,64
Billy,50
Brenda,12
Randall,4
Lynn,84
Marion,22
Marcia,38
Carla,80
Mark,56
Richard,14
Elmira,66
Megan,90
Patricia,24
Sandy,74
Tyree,38
Susan,0
Linda,18
Rene,82
Gregory,62
Glenn,42
Bob,92
Thomas,54
Margaret,82
Lucy,52
Richard,6
Celia,42
Leonard,44
Humberto,32
Jesse,0
Stefanie,12
Laverne,68
Roger,44
Luis,16
Duane,8
Eugenia,66
Maynard,38
David,20
Deborah,8
Gerald,82
Ann,18
Melissa,4
Lola,30
Joe,30
Robert,26
Barry,84
Wilbert,16
Mary,14
Mark,84
Julian,0
Jeffery,94
James,22
Imogene,98
Jim,100
Marie,64
Morgan,56
Sang,68
James,92
Gary,100
Billy,62
Elmer,18
Lamont,78
Roberta,52
Kevin,36
Michelle,12
Windy,70
Micheal,88
Michael,12
Amber,30
Eva,90
Maryanne,20
Nelly,16
Brian,0
John,12
Martha,86
Teresa,78
Danny,28
Wendy,100
Mary,4
John,86
William,24
James,10
Thomas,44
Lori,64
Christopher,84
Kelly,88
Cynthia,22
Ernest,10
Jennifer,84
Jeremy,56
Ron,80
Nancy,42
John,2
Cheri,50
Marvin,38
Eric,20
Andrew,6
Jamie,90
Jennifer,66
Lou,50
Eric,90
Stefanie,54
Magen,66
Shannon,80
Richard,60
Russell,90
Deborah,64
Carlos,58
Larry,64
Sabrina,70
Gabriel,96
Myron,46
Michael,28
Kenneth,78
Chad,58
Brenda,14
Theodore,98
Christopher,84
Eric,22
Robert,32
Timothy,6
Clare,74
Dawn,10
Franklin,76
Ryan,64
Mark,50
Maria,96
Eric,4
Joseph,14
Tiffany,72
Christopher,86
Cynthia,54
Debra,42
Glen,68
Richard,40
James,26
Mary,60
Margaret,94
Danielle,28
Patricia,32
Carl,36
Ana,0
Matthew,82
Ema,82
Nedra,82
Megan,28
Leon,36
Theresa,70
Shelly,2
Ronald,98
Eric,50
Rebecca,50
Lupe,60
Cindy,28
Cynthia,90
Lorene,66
Arthur,84
Janine,70
Victor,72
Chris,70
Christopher,2
Timothy,48
Ellen,58
Shauna,58
Lois,48
Belinda,10
Judy,74
Christopher,28
Christopher,76
Anna,52
Albert,50
Phyllis,24
Amanda,6
Patricia,70
David,82
Ruby,54
Curtis,48
Michael,42
Joseph,100
Joan,34
Elizabeth,88
Willard,30
Lillie,58
Catherine,88
Wanda,44
Harold,72
Casey,16
Mollie,40
George,86
Alejandra,98
John,54
Alice,38
Earl,84
Darlene,62
Rochelle,26
Toni,54
Linda,84
Dorothy,8
Bernice,70
Leonard,28
Loretta,98
Eileen,86
Robert,70
Shane,4
Mitchell,0
Kerry,34
Johnnie,68
Maria,84
Michael,82
Sheila,44
Jacquelyn,80
Mark,80
Ralph,44
Nilda,54
Chad,34
John,6
Mario,86
Sharon,74
John,42
Walter,30
Debra,58
Suzanne,14
Mitzi,58
Larry,58
Laurie,96
Peter,8
Guadalupe,42
Denise,96
Gregory,6
Charles,28
Matthew,86
Jane,30
Lillian,58
Phyliss,78
Robert,32
David,42
Stanley,36
Darline,12
James,60
Curtis,78
Rick,18
Richard,6
Maria,88
Dean,14
Betty,50
Jennifer,16
Lawrence,52
Nana,82
Martin,96
Chris,42
Martha,90
Floyd,10
Ray,46
Edwin,42
Judy,48
Brent,78
Judy,34
Michael,84
Angel,84
Dennis,36
Ira,58
Louise,46
James,36
Tony,4
Ruth,50
James,50
Tara,10
Ralph,96
Alicia,90
Kendra,2
Emil,24
Donald,70
Larry,90
Deborah,88
Micheal,96
Jeremiah,16
Michael,84
Debra,58
Irene,62
Anne,98
Ruth,30
Joseph,92
Sue,12
John,32
Ethel,90
Brenda,52
Daniel,14
Dolores,48
America,36
Elsa,24
Paul,60
Gregory,64
Myra,68
Donald,48
Clifford,100
Thomas,96
Victoria,4
Thomas,4
Stella,78
Mark,64
Leticia,66
Brent,38
Steven,100
Merrill,14
Terrie,28
Earl,76
Henry,82
Jacqueline,82
Gayle,48
William,12
Paul,4
Tomoko,2
Sara,80
Paul,78
Anthony,16
Ramon,100
Nathan,88
Nicholas,14
Lisa,4
Henry,6
Ellen,30
Anna,34
Fay,0
Mary,34
Lori,44
Jean,8
Samuel,38
Jeanne,76
Sue,52
Annie,78
Paul,74
Julee,86
Marvin,84
Jeremy,48
Christopher,70
Mario,94
Raymond,48
Teresa,18
Samuel,6
Paul,38
Dorothy,46
Michael,22
Frederick,66
Valerie,100
Joshua,2
Pat,72
Jeremy,20
Jason,2
Dolores,80
Michelle,0
Gertrude,62
Lawrence,62
Alexandra,32
Robert,58
Roy,94
Edwin,0
Eileen,10
Peter,62
Michael,88
Jose,16
Anna,0
Agnes,100
Della,50
Rebeca,10
Alicia,66
Steve,54
Edwin,0
Lydia,12
Marie,22
Betty,62
Robert,60
Ida,16
Ouida,34
Marian,24
Carlos,50
William,42
Donald,100
William,34
Jane,56
Robert,22
Jennifer,26
Joseph,66
Dominick,46
Wendy,72
Fannie,66
Debra,68
Leon,92
Laura,2
Anthony,20
Dalton,34
Kimberly,16
Dana,44
Robert,86
Woodrow,58
John,66
Joan,98
Louis,80
Doris,76
Elsie,28
Raymond,2
Steven,76
Wanda,84
Michelle,94
Clifton,60
Garrett,86
Miriam,78
Earl,40
Viola,32
Mary,92
Shannon,86
Oscar,14
Robert,6
Eva,4
Jared,18
Delores,0
Rhonda,68
Mae,74
Robert,76
Jonathan,74
Gina,98
Donald,88
Rudy,10
Monica,8
Catalina,14
Doug,42
Lydia,22
Stephanie,24
Christopher,16
Jose,4
Pansy,0
Jaime,54
Anthony,48
Martha,46
Nicole,84
Cheryl,58
Marian,6
William,22
Gonzalo,82
Marianne,68
Beverly,88
Manuel,46
William,50
Steven,6
Leon,82
Stephen,96
John,74
Jerry,78
Paul,12
Charles,28
William,66
Breanna,84
David,14
Curtis,24
John,76
Louise,22
Edward,82
George,58
Barry,62
Raymond,18
Andrew,10
Diamond,28
Christian,82
Elaine,64
Jack,24
Howard,40
Victor,86
William,74
Holly,12
Mark,12
Teresa,10
Mavis,96
Colleen,36
Kimberly,36
Colin,66
Jackie,52
Dawn,46
Georgia,12
Wanda,14
Eugene,30
Charles,80
Robert,76
Gladys,76
Jackie,96
Lauren,36
Beverley,38
David,72
Thu,18
Steven,92
Anthony,6
Margart,22
Robert,52
Melissa,4
Julie,62
Charles,96
Lyndsey,78
Melanie,38
Jack,46
Jonathan,14
Robert,74
May,80
Caridad,16
Janice,0
Kristopher,62
Ami,66
Carl,80
Christopher,56
Barbara,82
Eleanor,30
Ora,38
Francis,54
Scott,56
Willie,82
Lenna,42
Allyson,2
Epifania,82
Alan,0
Sharon,6
Ruben,54
James,100
Amy,0
James,96
Amber,32
Milford,60
Richard,94
David,20
Jonathon,96
Mary,70
Mike,20
Cherie,0
Philip,52
Shaun,46
Ernestina,40
Mark,62
Jeannie,68
Robert,12
Adrienne,88
Michael,54
Dale,26
Kenneth,8
Jo,96
Seth,28
Sharla,62
Paula,96
Elba,56
Peter,74
Shirley,30
John,32
Hal,50
Charles,20
Mabel,44
Eunice,58
Katie,96
William,64
Cynthia,52
Reggie,2
James,86
Paul,54
Francis,78
Marvin,48
Andrea,2
Amber,70
Tara,36
Robert,18
Andrea,32
Louis,32
George,64
Rosa,28
David,80
Ernestina,54
Barbara,16
Bonnie,92
Inga,68
Danielle,44
Larry,88
Julia,24
John,42
Krista,10
Monica,78
Joseph,52
Michael,72
Raymon,84
Scott,72
Janet,94
Karen,82
Queen,44
Roseanna,60
Nora,0
Raymond,100
Rosella,70
Allison,74
Brenda,30
Anthony,26
Doris,46
Joseph,70
Richard,58
Jay,34
James,46
Amber,18
Tony,36
Rosa,80
Jean,86
David,38
John,80
Christa,64
Johnny,22
Luana,80
Justin,56
Michael,96
Maria,64
Nancy,26
James,64
Richard,94
Robert,12
Mary,8
Agnes,8
Barry,100
Ashley,48
Myles,82
Derrick,48
Janel,22
Melissa,2
Fernando,68
Maxine,84
Leslie,94
Josephine,34
Anita,46
Phyllis,30
Raymond,46
Lucy,38
Esther,92
William,64
Barry,16
Donald,48
Steve,10
Joseph,12
Louise,32
Maryam,62
Jeffrey,38
Tim,34
Iona,36
Paul,6
Ruth,54
Robert,30
William,16
William,22
Rebecca,50
Maggie,48
Pearl,86
Doris,74
Jerome,32
Gregory,62
Janice,64
Julia,74
Marjorie,0
Sharon,76
Sonya,78
Lori,92
Gregory,100
Darren,4
Lillian,88
Jessica,2
Vera,86
Regina,4
Toby,86
Estella,94
Cheryl,10
Benjamin,62
Louise,96
Gloria,68
Dolores,22
Lilli,12
Evelyn,10
Hettie,58
Heather,22
Taylor,2
John,42
Maria,16
Evelyn,30
Danielle,14
William,64
Rebecca,86
Shirley,74
Eunice,90
Zachery,98
Mary,80
Mary,68
Constance,28
Michael,30
Carolyn,12
Grant,42
John,48
Richard,64
Mary,36
Eric,72
Dennis,86
Gail,98
Lois,100
Allison,6
Michele,10
Debbie,62
Gilbert,34
Lynn,72
Robert,88
Sarah,68
Edward,8
Francisco,68
Verna,84
James,12
Lara,100
Juanita,48
Mattie,12
Peggy,36
Kim,48
Kenneth,10
Ronald,66
Thomas,32
Michael,62
Michael,44
Georgette,70
Clifford,48
Eric,92
Pamela,46
Betty,32
Douglas,22
Sadie,6
John,28
Ann,32
Lawrence,72
Timothy,96
Jared,22
Kacy,28
Kristina,66
Eva,96
David,84
Winifred,4
Beverly,8
Debra,50
Violet,4
Gilda,24
Jim,64
Thu,36
Nelson,42
Tyler,94
Alida,96
Michael,100
Daniel,96
John,98
James,70
Ted,68
Judy,22
Tiesha,22
Taylor,36
Andrea,22
Calvin,12
Harvey,80
Christopher,28
Martha,4
Bruce,24
Catherine,94
Bruce,82
Dee,46
Ellen,14
Helen,74
Dee,82
Kenny,40
Gene,24
Andrea,74
Emma,58
Shawn,26
Jim,28
Donna,100
Janine,92
John,76
Geraldine,12
Catherine,8
Gabrielle,4
Patricia,42
Kimberly,84
Billy,6
James,98
Ernie,34
Louise,38
Mary,6
Neal,18
Mary,72
Perry,6
Ruby,78
Bradley,22
Alice,96
Francis,88
Jean,82
Maria,4
Roy,44
Lindsay,6
Linda,50
Barry,74
Benita,4
Maria,40
Cecilia,50
Marie,30
Julie,56
Stephen,98
Marisa,80
Joseph,30
Phillip,82
Peter,76
Gregory,32
Anna,66
Michael,66
Carolyn,42
Kimberly,86
Dale,26
Jeffrey,96
Fred,26
Carl,98
Beverly,64
Fatimah,72
Anthony,94
Michael,72
Frances,20
Renita,2
Eddie,78
James,72
Wilbert,8
James,12
Jonathan,42
Doris,42
Joy,40
Johnny,10
Fernando,6
Denise,32
Willie,24
Christine,10
Leana,72
Guy,90
Mildred,8
Stacey,30
Letha,14
Jason,14
Phyllis,74
Ann,28
Dianne,88
Benjamin,38
Nubia,46
Walter,100
Jessie,54
Judith,92
Donald,28
Robert,46
Emilio,44
William,80
Keith,22
Marie,2
David,44
Glen,38
Alan,70
George,70
Lilia,18
Chris,48
Marcia,80
Henry,62
Michael,72
Homer,42
Shane,60
Carol,46
Terisa,82
Alma,30
Richard,68
Jay,60
Sharilyn,94
Patrice,40
Dorothy,72
Velma,62
Mary,54
Joy,96
George,18
Shirley,72
Eva,30
Jessie,0
Tiffany,54
Rose,76
Julie,68
Scott,80
Randy,2
Richard,64
Lillie,30
Denise,24
Michelle,56
Stephen,68
Megan,60
Charles,90
Crystal,72
Don,84
Mark,4
Carole,20
Ali,24
Laura,60
Monica,78
Belinda,2
Christopher,60
Marguerite,86
Julia,30
James,10
Mark,76
James,8
Inez,0
Phyllis,84
Juan,34
Debbie,74
Jason,36
Jeff,12
Tomas,42
Matthew,36
Karen,80
Douglas,62
Mary,14
Leona,34
James,42
Melanie,38
Steven,66
Laurie,40
Robert,52
Edgar,34
Monica,2
James,94
Timothy,50
Juan,34
Yasmin,62
Charlie,46
Jodi,38
John,38
Simon,4
Sara,24
Gregory,52
Sammy,36
Emma,94
Angela,82
Johnny,34
Randy,78
Brooks,20
Lisa,88
Nicholas,44
Hugh,18
Clay,70
David,24
Leon,82
Daniel,54
Barbara,42
Charles,78
Kristin,80
Patsy,58
Sandra,26
Peter,88
James,26
Dennis,82
Paul,76
Sally,2
Danny,36
Carol,24
Ruth,90
Eric,22
Lee,26
George,0
Michael,22
Rachael,90
Darrin,8
Patti,94
Nelson,36
Sarah,90
Rhonda,24
Esther,40
Elma,42
Jackie,32
Walter,30
Valarie,54
Vida,86
Taylor,52
John,16
Eddie,10
Bradley,34
Richard,20
Gina,34
Arlene,88
Mattie,14
Scott,4
Greg,42
John,92
Elvis,62
Ryan,28
Bobby,48
Angella,70
Susan,78
Lena,24
Julian,10
Lisa,82
Lorenzo,12
Branden,38
William,16
Karen,60
Jason,76
Joyce,2
Shirley,4
Kelvin,14
Ashly,6
Jessica,16
Yolanda,18
Barry,18
Chase,100
Lara,84
Ruben,86
Christian,84
Ryan,38
Paulene,2
Marcia,40
Jesse,62
Maria,24
Elizabeth,0
Mable,98
Glen,56
Samantha,28
Elizabeth,24
Sang,46
Edward,56
Donna,54
James,60
Jarvis,94
Donald,60
Joe,76
James,42
Eric,4
Shaun,38
Jacqueline,66
Joanne,90
Jon,100
Linda,66
William,80
Michelle,18
Richard,54
Ruth,50
Elizabeth,84
Billy,26
Adam,58
David,58
Bernard,20
Darrell,2
Geraldine,58
Michael,70
Dawn,46
Bernard,44
Rudy,8
John,64
Elmer,42
Lourdes,70
Mary,100
Andrea,62
Carroll,22
Josue,70
Daniel,98
Arthur,72
David,30
Meredith,76
Leslie,96
Judith,26
Jacob,46
Frank,44
Kim,34
Lloyd,12
Ryan,22
Robert,56
Angela,92
William,66
Anthony,22
John,32
Rose,24
Marlene,2
Ronald,6
Elva,88
Gerald,78
Tiffany,36
Anita,28
Claudio,40
Charles,16
Silvia,32
Richard,16
Jimmy,8
Esther,34
Mildred,70
Tina,30
Leroy,78
Monica,82
Michael,58
Nathaniel,78
Alberta,24
Pamela,24
Linda,74
Julianna,96
Barbara,96
Adam,64
Francisco,78
Frances,80
Aaron,64
Michael,46
Vito,64
Deborah,46
Rudolf,48
Jack,80
Pat,74
Denise,2
Oliver,80
Susan,20
Cathy,30
Elisabeth,96
Mary,8
Steven,58
Jacqueline,62
Jorge,44
Mary,64
Barbara,0
Carl,94
Maria,18
Leah,26
Keisha,98
Fred,58
Alice,48
Annette,66
Gerald,90
Dennis,46
Luz,82
Robert,68
Dorothy,38
Virginia,22
Debra,66
Ralph,80
Amy,86
Mark,66
Jennifer,68
Kelly,54
Louis,50
Helen,64
James,14
Ruth,72
Wendy,80
Stella,26
Janice,62
Guadalupe,24
Catherine,56
Colleen,42
Mollie,30
Jeannine,94
Beverly,98
William,76
George,28
Tommy,20
Michael,62
John,82
Melinda,72
Vernon,48
Faith,76
Roger,76
Alice,48
Shayne,52
Dale,4
Arthur,30
Vanessa,0
Jeanette,36
Alfred,62
Ruth,64
Alton,82
Jose,80
Duane,58
Kevin,100
Jaime,80
Mary,44
Alexander,64
Johnnie,36
Sandra,8
Arthur,34
Russell,24
Michelle,48
Joyce,2
Jaime,22
Jed,50
Russell,52
Karla,70
Gabriela,60
Oliver,96
Robin,42
Hector,40
Desmond,42
Todd,10
John,66
David,72
Sandra,88
Samantha,38
Martha,54
Charles,84
Kelly,66
James,34
Matthew,36
Marie,12
Angela,28
Mike,18
Patricia,70
Curtis,98
Adrianne,80
Jessica,72
David,96
Kevin,4
June,28
Ernest,48
Anthony,10
Annie,44
Roger,84
Dorothy,38
James,12
Eleanor,74
Christopher,28
Jasmine,98
Janice,42
Paul,28
Guadalupe,50
Joshua,82
Ruth,12
Jennifer,64
Stanley,66
Bianca,16
William,58
Larry,58
Florence,94
Bernice,18
Yolanda,2
Rafael,46
Thomas,4
Helen,66
Julie,28
Carol,10
Susan,8
Betty,60
Nancy,4
Garnet,60
John,24
Lewis,46
John,14
Juan,74
Matthew,22
Vance,58
Ethel,74
Martha,94
Brian,96
Barbara,28
Marilou,46
Nancy,56
Eric,74
Ronald,52
Robert,0
Christopher,70
Laurie,42
Terrance,4
Helen,66
William,26
Dustin,86
Norma,16
Geneva,26
Kristin,46
Erica,92
Dianna,72
Noah,40
Francesca,42
Katherine,74
Ashley,58
Susan,54
Carolyn,60
Nadine,90
Ignacio,14
David,34
Walter,50
Brian,32
Irvin,40
Carl,52
John,40
Anthony,50
Markus,66
Frances,24
Michael,8
Natasha,78
Antonio,26
Marie,14
Edwin,18
David,92
Ashley,64
William,20
Travis,52
Kerry,54
Joseph,68
Frances,54
Haywood,92
Corinna,32
Travis,82
John,14
Crystal,98
Amy,64
Tina,6
Shirley,16
David,88
Keith,66
Sheila,78
Teresa,12
Steven,68
Lori,60
Mark,64
Roy,4
Lee,92
Michael,0
Christina,82
Donald,62
Eve,32
Crystal,34
Dennis,8
Natalie,40
Mike,6
Heather,4
Mauro,28
Tom,50
Sherilyn,76
Lisa,70
Donald,76
Donald,52
John,72
Marion,100
Gerald,20
John,34
Anthony,56
Candice,26
Brian,2
Albert,18
Kayla,72
Harry,46
Dorothy,40
John,14
Nakia,66
John,4
Michael,90
Kevin,30
Robert,68
George,54
Debbie,8
Lisa,34
Denise,82
Steven,20
Paul,94
Robert,28
Alvin,26
Ruth,40
Anne,84
Arlene,62
Edward,24
Angel,32
Hannah,56
Kevin,42
Leticia,50
Carol,100
Angela,24
Rolando,56
Thomas,68
Daniel,34
Betty,20
Amanda,20
Teresa,50
Matthew,44
Todd,20
Melissa,24
Thomas,44
Daniel,100
Ariane,98
Sheila,44
Valerie,100
Lori,100
Carlos,66
Freida,38
Peggy,4
Eric,18
Peter,100
David,92
Michael,84
Lee,94
James,40
Richard,60
Alicia,62
Paul,24
Cynthia,10
Anne,46
William,100
Maria,92
Ann,76
Charles,30
Jacelyn,62
Heather,62
Bruce,88
Terry,60
Marie,70
Michael,78
Rebekah,64
Elaine,86
Jeffery,50
Sheldon,44
Nellie,100
Teresa,52
Lashonda,22
Adan,100
Scott,20
Victor,6
James,60
Pauline,58
Dorothea,40
Rose,88
Nancy,86
Loni,62
Dwain,96
Rose,60
Tara,46
Yolanda,40
Betty,38
Frankie,8
James,90
Jerry,74
Jesse,26
Debby,32
Miquel,16
Sandra,24
George,54
Eliseo,92
Jessie,34
Delores,24
Matthew,94
Robert,98
Danny,60
Kathleen,66
Jack,54
Leonard,66
William,24
Jessica,44
Kathy,28
Jose,98
Amy,42
Mary,48
Aaron,12
Maria,50
Henry,72
Susan,16
Dennis,88
Juanita,46
Jessica,68
Cassandra,24
Richard,30
Irma,22
Gwendolyn,96
Lori,38
Vincent,10
Renee,14
Carol,76
Michael,90
Tommy,26
Alan,90
Valerie,30
Sarah,10
Helen,38
Karen,84
Alexander,22
Arnold,32
Stanley,92
Curtis,14
Virginia,0
Marc,44
Maurine,68
Deborah,0
Donald,88
John,34
Bonnie,56
Sylvia,34
Homer,48
Harriet,26
Cheryl,80
Ethel,54
Francis,82
Devin,86
Katherine,34
Susan,6
Christopher,74
Margaret,28
Don,0
Kevin,82
John,60
William,48
Natalie,22
Norbert,18
David,50
Shawna,94
Matthew,26
Stephen,62
Jerry,52
Caleb,68
Thomas,42
Stacy,64
Vern,2
Erica,40
Janice,40
Young,92
Denise,28
Kristin,82
Jeffrey,76
Kimberly,0
Donna,16
Paul,64
Justin,22
Amy,72
